<?xml version="1.0" encoding="UTF-8"?>
<beans xmlns="http://www.springframework.org/schema/beans"
       xmlns:xsi="http://www.w3.org/2001/XMLSchema-instance"
       xmlns:context="http://www.springframework.org/schema/context"
       xmlns:mvc="http://www.springframework.org/schema/mvc"
       xsi:schemaLocation="http://www.springframework.org/schema/beans
       http://www.springframework.org/schema/beans/spring-beans.xsd
        http://www.springframework.org/schema/context
       http://www.springframework.org/schema/context/spring-context-4.2.xsd http://www.springframework.org/schema/mvc https://www.springframework.org/schema/mvc/spring-mvc.xsd">
    <mvc:annotation-driven/>
    <!--指定扫描的controller    -->
    <context:component-scan base-package="DST2.Group2.Controller"/>
    <!--translate view name to view implementation file name-->


    <!--本项目把静态资源放在了webapp的statics目录下，资源映射如下-->
    <mvc:resources mapping="/css/**" location="/static/css/"/>
    <mvc:resources mapping="/jquery/**" location="/static/jquery/"/>
    <mvc:resources mapping="/bootstrap/**" location="/static/bootstrap/"/>
<!--    <mvc:resources mapping="/bootstrap/js/**" location="/WEB-INF/static/bootstrap/js/"/>-->
    <mvc:default-servlet-handler />

    <bean class = "org.springframework.web.servlet.view.InternalResourceViewResolver">
        <property name="prefix" value="/WEB-INF/view/"/>
        <property name="suffix" value=".jsp"/>

    </bean>
</beans>